,precision,recall,f1-score,support
daisy,0.981651376146789,0.9304347826086956,0.9553571428571429,115.0
dandelion,0.9401197604790419,0.9936708860759493,0.9661538461538461,158.0
rose,0.9145299145299145,0.9145299145299145,0.9145299145299145,117.0
sunflower,0.9807692307692307,0.9272727272727272,0.9532710280373832,110.0
tulip,0.9139072847682119,0.9324324324324325,0.9230769230769231,148.0
accuracy,0.9429012345679012,0.9429012345679012,0.9429012345679012,0.9429012345679012
macro avg,0.9461955133386375,0.9396681485839438,0.9424777709310419,648.0
weighted avg,0.94378352460321,0.9429012345679012,0.9428913222536665,648.0
