,precision,recall,f1-score,support
daisy,0.9292035398230089,0.9210526315789473,0.9251101321585903,114.0
dandelion,0.9503105590062112,0.9683544303797469,0.9592476489028213,158.0
rose,0.9098360655737705,0.940677966101695,0.925,118.0
sunflower,0.9716981132075472,0.9363636363636364,0.9537037037037037,110.0
tulip,0.9452054794520548,0.9324324324324325,0.9387755102040817,148.0
accuracy,0.941358024691358,0.941358024691358,0.941358024691358,0.941358024691358
macro avg,0.9412507514125185,0.9397762193712916,0.9403673989938394,648.0
weighted avg,0.9416915602040797,0.941358024691358,0.9413886828863218,648.0
